id,role,first_name,last_name,email,password
1,admin,alex,conti,admin@gvwa.com,7cqYNbMdLcuVf2Pw8TAW8zcVmQShLW56
2,user,alex,conti,webmaster@gvwa.com,123456789
3,user,brooke,hunter,russotto@yahoo.com,111111
4,user,molly,roth,jigsaw@live.com,password
5,user,lacey,houston,mbswan@optonline.net,qwerty
6,user,jessie,dillon,pierce@comcast.net,abc123
7,user,jan,webb,parkes@msn.com,12345678
8,user,shanna,blake,hakim@att.net,password1
9,user,fran,griffin,denton@optonline.net,1234567
10,user,casey,hancock,kjohnson@outlook.com,123123
11,user,rosanna,owen,bruck@comcast.net,1234567890
12,user,janet,kirby,gboss@comcast.net,0
13,user,leigh,oneil,heine@yahoo.com,12345
14,user,pamela,baker,tjensen@att.net,iloveyou
15,user,concetta,sparks,mwilson@yahoo.ca,1q2w3e4r5t
16,user,janell,melton,alfred@yahoo.ca,1234
17,user,kaye,boyer,cliffordj@verizon.net,123456a
18,user,therese,huffman,chronos@att.net,qwertyuiop
19,user,alissa,norris,singh@mac.com,monkey
20,user,barbara,hill,cisugrad@yahoo.ca,123321
21,user,gina,spence,multiplx@icloud.com,dragon
22,user,charmaine,reese,xtang@gmail.com,654321
23,user,estela,smith,iapetus@icloud.com,666666
24,user,lorie,mcpherson,moinefou@yahoo.com,123
25,user,hollie,rios,portele@me.com,myspace1
26,user,adriana,harrell,mgemmons@optonline.net,a123456
27,user,karyn,burks,nimaclea@msn.com,121212
28,user,mayra,chan,fallorn@aol.com,1qaz2wsx
29,user,tammy,edwards,kaiser@icloud.com,123qwe
30,user,ashlee,waller,tsuruta@mac.com,123abc
31,user,crystal,donaldson,curly@icloud.com,tinkle
32,user,pam,gay,nullchar@icloud.com,target123
33,user,elisa,romero,jeffcovey@sbcglobal.net,gwerty
34,user,bridgette,barnett,durist@msn.com,1g2w3e4r
35,user,sallie,yates,bjoern@me.com,gwerty123
36,user,vicky,barker,konst@yahoo.com,zag12wsx
37,user,tracey,blanchard,wenzlaff@live.com,7777777
38,user,peggy,espinoza,scarlet@gmail.com,qwerty1
39,user,tasha,macdonald,claesjac@optonline.net,1q2w3e4r
40,user,sandra,pena,dmiller@yahoo.com,987654321
41,user,annette,gonzalez,flavell@att.net,222222
42,user,adeline,floyd,sequin@hotmail.com,qwe123
43,user,ava,adams,ingolfke@outlook.com,qwerty123
44,user,willie,stevens,sherzodr@comcast.net,zxcvbnm
45,user,kristina,park,ninenine@verizon.net,555555
46,user,trudy,hopkins,crypt@comcast.net,112233
47,user,araceli,montoya,specprog@mac.com,fuckyou
48,user,lauren,everett,tarreau@sbcglobal.net,asdfghjkl
49,user,kenya,reeves,linuxhack@comcast.net,12345a
50,user,bettye,mitchell,jelmer@aol.com,123123123
51,user,caroline,delaney,bwcarty@sbcglobal.net,1q2w3e
52,user,colleen,randolph,yfreund@live.com,qazwsx
53,user,imelda,harrington,wenzlaff@mac.com,computer
54,user,marisol,battle,pjacklam@mac.com,aaaaaa
55,user,corina,levy,dunstan@me.com,159753
56,user,margie,carroll,mavilar@yahoo.com,iloveyou1
57,user,lillie,poole,ramollin@icloud.com,fuckyou1
58,user,june,guzman,avalon@mac.com,princess
59,user,kathryn,rosa,suresh@comcast.net,789456123
60,user,erica,townsend,vmalik@hotmail.com,11111111
61,user,emma,carr,dcoppit@outlook.com,123654
62,user,reyna,marquez,tmccarth@msn.com,princess1
63,user,mildred,mejia,msherr@sbcglobal.net,888888
64,user,darcy,ryan,jsmith@msn.com,linkedin
65,user,esperanza,simpson,chinthaka@comcast.net,michael
66,user,lenora,skinner,paley@optonline.net,sunshine
67,user,jessica,holland,itstatus@hotmail.com,football
68,user,cynthia,daugherty,amimojo@aol.com,11111
69,user,malinda,wright,stellaau@outlook.com,777777
70,user,veronica,moore,errxn@aol.com,1234qwer
71,user,claudine,turner,paley@live.com,999999
72,user,francine,robbins,maikelnai@verizon.net,j38ifUbn
73,user,wilda,farley,harryh@me.com,monkey1
74,user,margery,walsh,wonderkid@live.com,football1
75,user,mercedes,yang,rafasgj@live.com,daniel
76,user,jane,barron,oster@outlook.com,azerty
77,user,debra,castillo,jonadab@att.net,a12345
78,user,robert,haley,falcao@sbcglobal.net,123456789a
79,user,bettie,barlow,harryh@verizon.net,789456
80,user,verna,ratliff,weazelman@gmail.com,asdfgh
81,user,alisha,shaw,rhavyn@outlook.com,love123
82,user,louella,burris,balchen@msn.com,abcd1234
83,user,doris,hobbs,pizza@yahoo.com,jordan23
84,user,lisa,norton,treeves@comcast.net,88888888
85,user,ernestine,bridges,johndo@comcast.net,5201314
86,user,gabriela,church,grolschie@verizon.net,12qwaszx
87,user,sheree,holcomb,raines@msn.com,FQRG7CS493
88,user,marsha,robinson,rgarcia@mac.com,ashley
89,user,cassie,barr,sinkou@me.com,asdf
90,user,terra,herrera,saridder@comcast.net,asd123
91,user,emilia,mcknight,mwitte@yahoo.ca,superman
92,user,brandi,mcfadden,willg@live.com,jessica
93,user,raquel,slater,ranasta@hotmail.com,love
94,user,dollie,cobb,studyabr@mac.com,samsung
95,user,herminia,salinas,martyloo@optonline.net,shadow
96,user,rachel,campos,brainless@aol.com,blink182
97,user,erin,nguyen,dhrakar@optonline.net,333333
98,user,ursula,odonnell,squirrel@hotmail.com,michael1
99,user,lelia,bond,mbswan@aol.com,babygirl1
100,user,marva,shields,sherzodr@yahoo.ca,jesus1
101,user,dominique,hartman,bryanw@me.com,qwert
102,user,ilene,hoover,jrifkin@hotmail.com,k.:
103,user,hillary,sanford,draper@hotmail.com,baseball
104,user,paige,knowles,mosses@aol.com,charlie
105,user,debora,harding,sinkou@att.net,0
106,user,hallie,pruitt,yenya@yahoo.ca,hello1
107,user,roxanne,wagner,ntegrity@optonline.net,soccer
108,user,frieda,jackson,bflong@icloud.com,killer
109,user,stefanie,lyons,ngedmond@live.com,131313
110,user,alice,rich,ahuillet@msn.com,master
111,user,nina,conley,storerm@optonline.net,1111111
112,user,patricia,lynn,mbalazin@live.com,gfhjkm
113,user,madelyn,curry,gavinls@mac.com,123456789
114,user,enid,harvey,donev@comcast.net,987654
115,user,taylor,hull,parsimony@mac.com,iloveyou2
116,user,eva,george,bbirth@outlook.com,angel1
117,user,lidia,randall,szymansk@me.com,jordan
118,user,jocelyn,morgan,balchen@att.net,147258369
119,user,jeannette,dudley,sfoskett@hotmail.com,bitch1
120,user,glenda,payne,ilikered@outlook.com,michelle
121,user,deirdre,ayers,jgmyers@gmail.com,q1w2e3r4
122,user,ingrid,meyer,mwilson@yahoo.ca,jessica1
123,user,ines,hale,jimxugle@yahoo.com,qwer1234
124,user,leanna,booker,jimxugle@yahoo.ca,159357
125,user,jami,castro,bancboy@me.com,soccer1
126,user,marilyn,sims,cisugrad@gmail.com,liverpool
127,user,eula,alvarado,syncnine@att.net,101010
128,user,jodi,riddle,bwcarty@gmail.com,zxcvbn
129,user,cristina,browning,drhyde@yahoo.com,thomas
130,user,susana,charles,skaufman@live.com,asdasd
131,user,amy,cohen,offthelip@comcast.net,fuckyou2
132,user,florine,parker,samavati@att.net,justin
133,user,kendra,mcbride,papathan@hotmail.com,nicole
134,user,ola,moses,jfinke@yahoo.com,1111111111
135,user,dale,martin,schumer@att.net,1
136,user,betsy,case,eurohack@outlook.com,1111
137,user,ladonna,mclean,crusader@icloud.com,qazwsxedc
138,user,keisha,noel,earmstro@hotmail.com,baseball1
139,user,elizabeth,lewis,manuals@icloud.com,andrew
140,user,elena,schwartz,psharpe@yahoo.com,hello
141,user,jordan,carpenter,symbolic@verizon.net,apple
142,user,lilia,mccoy,chlim@hotmail.com,987654321
143,user,merle,sanchez,doche@live.com,anthony1
144,user,nichole,deleon,bachmann@comcast.net,102030
145,user,petra,guerrero,kmself@outlook.com,money1
146,user,judith,ellis,thowell@comcast.net,parola
147,user,noreen,reilly,zwood@optonline.net,abc
148,user,barbra,kim,mahbub@live.com,147258
149,user,carla,drake,mthurn@verizon.net,anthony
150,user,gay,sellers,baveja@comcast.net,111222
151,user,glenna,mckinney,szymansk@aol.com,jennifer
152,user,kim,zamora,onestab@aol.com,number1
153,user,rene,gaines,kevinm@yahoo.com,naruto
154,user,viola,aguilar,heckerman@mac.com,123456q
155,user,meghan,solis,rcwil@yahoo.com,696969
156,user,augusta,long,afifi@hotmail.com,0
157,user,cheri,moran,forsberg@sbcglobal.net,joshua
158,user,deena,vance,mnemonic@yahoo.com,golfer
159,user,lourdes,knight,claesjac@msn.com,29rsavoy
160,user,ora,mcleod,ianbuck@msn.com,myspace
161,user,anita,hudson,hellfire@yahoo.ca,andrea
162,user,briana,bowman,andrewik@sbcglobal.net,basketball
163,user,sherrie,bernard,wildixon@mac.com,qwerty12
164,user,lillian,carver,malin@live.com,charlie1
165,user,annie,walter,techie@icloud.com,passw0rd
166,user,allison,gardner,syrinx@mac.com,asshole1
167,user,lula,cash,earmstro@aol.com,hunter
168,user,lorene,kennedy,matsn@mac.com,marina
169,user,elba,day,jmgomez@icloud.com,welcome
170,user,millicent,sweet,philen@verizon.net,10203
171,user,dorothea,peck,ebassi@outlook.com,superman1
172,user,tanisha,mullins,rafasgj@outlook.com,password12
173,user,alma,sheppard,mhanoh@yahoo.com,xbox360
174,user,kelsey,mendez,seebs@optonline.net,sunshine1
175,user,dorthy,tyson,moxfulder@att.net,ashley1
176,user,ida,sawyer,gfxguy@icloud.com,lovely
177,user,melissa,wells,geeber@gmail.com,babygirl
178,user,lesley,mack,mstrout@comcast.net,!
179,user,emily,cardenas,studyabr@optonline.net,trustno1
180,user,kitty,gordon,wbarker@yahoo.ca,666
181,user,mallory,lucas,malvar@me.com,asdf1234
182,user,amie,spencer,formis@icloud.com,chocolate
183,user,latisha,bentley,nimaclea@comcast.net,buster
184,user,helena,carey,gastown@me.com,summer
185,user,esther,willis,corrada@outlook.com,tigger
186,user,simone,sloan,ullman@me.com,purple
187,user,dorothy,joseph,elmer@aol.com,freedom
188,user,hester,guerra,miltchev@comcast.net,loveme
189,user,diane,warren,kodeman@aol.com,matthew
190,user,anastasia,callahan,valdez@optonline.net,50cent
191,user,claudia,alvarez,stewwy@outlook.com,password2
192,user,aida,huber,sthomas@msn.com,maggie
193,user,lauri,mccormick,dmath@msn.com,george
194,user,pat,christensen,sfoskett@mac.com,chelsea
195,user,jennifer,bradford,boomzilla@yahoo.ca,12341234
196,user,kayla,ruiz,pthomsen@outlook.com,amanda
197,user,krystal,powell,roamer@aol.com,hannah
198,user,margret,bishop,gamma@outlook.com,q1w2e3
199,user,rosemarie,harris,tjensen@comcast.net,friends
200,user,myra,ewing,luvirini@icloud.com,shadow1
201,user,stacy,whitaker,matthijs@comcast.net,william
202,user,janice,allen,drezet@outlook.com,abcdefg
203,user,maura,clemons,jfinke@hotmail.com,samantha
204,user,marina,vaughan,larry@yahoo.ca,12344321
205,user,lynda,mays,teverett@verizon.net,nicole1
206,user,aisha,hurst,tfinniga@outlook.com,q1w2e3r4t5y6
207,user,haley,gallegos,ccohen@live.com,robert
208,user,roxie,mercer,schumer@verizon.net,mother
209,user,lana,benson,seurat@gmail.com,jordan1
210,user,maude,velez,fwiles@hotmail.com,secret
211,user,melinda,trevino,teverett@aol.com,letmein
212,user,frances,rosales,carmena@me.com,qweasdzxc
213,user,lea,duncan,rnewman@me.com,212121
214,user,gail,davenport,quantaman@gmail.com,pokemon
215,user,brenda,frederick,kodeman@att.net,$HEX
216,user,consuelo,diaz,reziac@msn.com,internet
217,user,juana,spears,mleary@me.com,batman
218,user,isabelle,santana,munson@verizon.net,love12
219,user,rosario,tillman,alhajj@mac.com,a123456789
220,user,nell,marsh,mstrout@verizon.net,VQsaBLPzLa
221,user,ivy,frye,baveja@gmail.com,qweqwe
222,user,twila,carrillo,mddallara@hotmail.com,hello123
223,user,rosalie,langley,dsugal@outlook.com,232323
224,user,gena,bass,chronos@yahoo.com,butterfly
225,user,gertrude,hubbard,bonmots@aol.com,martin
226,user,jerri,shepard,matthijs@hotmail.com,flower
227,user,cecilia,cervantes,fviegas@sbcglobal.net,forever
228,user,claire,todd,mjewell@yahoo.com,mustang
229,user,priscilla,pennington,suresh@outlook.com,1qazxsw2
230,user,isabel,atkins,moxfulder@att.net,iloveu
231,user,elva,emerson,reziac@live.com,cjmasterinf
232,user,sue,leonard,evilopie@yahoo.ca,orange
233,user,della,koch,ebassi@icloud.com,harley
234,user,sherry,gould,johnh@yahoo.com,user
235,user,eileen,horne,liedra@att.net,brandon1
236,user,phoebe,aguirre,warrior@optonline.net,london
237,user,lindsey,coleman,phyruxus@aol.com,1234567891
238,user,shirley,simon,kaiser@sbcglobal.net,pepper
239,user,linda,oconnor,frostman@comcast.net,chris1
240,user,carissa,hopper,zeitlin@optonline.net,lol123
241,user,lucy,mcintyre,moinefou@aol.com,abcdef
242,user,alejandra,miller,chrwin@comcast.net,whatever
243,user,lacy,shannon,pkilab@mac.com,1342
244,user,rhonda,nolan,burniske@yahoo.ca,alexander
245,user,ellen,terrell,airship@att.net,loveyou
246,user,laurie,calderon,malattia@att.net,290966
247,user,liz,mcmillan,andrewik@optonline.net,wall.e
248,user,yolanda,frank,kramulous@att.net,junior
249,user,beatriz,cantrell,ebassi@optonline.net,12413
250,user,tracy,cleveland,uncle@outlook.com,qweasd
251,user,maria,jacobson,improv@mac.com,PE#5GZ29PTZMSE
252,user,marquita,navarro,janneh@outlook.com,tudelft
253,user,carey,montgomery,stomv@icloud.com,dpbk1234
254,user,valarie,duran,isotopian@comcast.net,DIOSESFIEL
255,user,nettie,lee,skythe@verizon.net,U38fa39
256,user,josefina,herman,bmidd@aol.com,147852
257,user,patti,ayala,zyghom@msn.com,cookie
258,user,kimberly,middleton,gward@outlook.com,family
259,user,sheena,cole,zavadsky@live.com,jasmine
260,user,alta,richard,jnolan@yahoo.ca,dragon1
261,user,latonya,vincent,carmena@comcast.net,12345q
262,user,kari,wall,meinkej@outlook.com,nikita
263,user,doreen,nicholson,gamma@hotmail.com,pakistan
264,user,francesca,dyer,benits@msn.com,123654789
265,user,letha,clay,nichoj@icloud.com,123789
266,user,michele,fuller,kohlis@outlook.com,amanda1
267,user,evangeline,rasmussen,yamla@sbcglobal.net,joseph
268,user,bernice,merrill,scottzed@att.net,happy1
269,user,roseann,mcclain,mbrown@icloud.com,ginger
270,user,andrea,cline,druschel@aol.com,:
271,user,rosemary,stephens,mcast@verizon.net,matthew1
272,user,jeanette,small,mhanoh@yahoo.com,snoopy
273,user,socorro,gallagher,sharon@comcast.net,justin1
274,user,ruthie,benjamin,ianbuck@comcast.net,lastfm
275,user,nora,rhodes,burns@outlook.com,3rJs1la7qE
276,user,gayle,sanders,dkrishna@hotmail.com,passw0rd3
277,user,desiree,bonner,mgreen@me.com,antonio
278,user,corine,carson,howler@yahoo.ca,barcelona
279,user,freda,ashley,skippy@comcast.net,matrix
280,user,jeanine,kerr,adamk@yahoo.com,computer1
281,user,tami,mann,frode@comcast.net,hottie1
282,user,jeannie,weber,barnett@msn.com,sophie
283,user,katheryn,bullock,bonmots@outlook.com,sandra
284,user,irene,snider,pmint@outlook.com,michelle1
285,user,ethel,massey,knorr@comcast.net,12345678910
286,user,geneva,mcdonald,satishr@msn.com,qqqqqq
287,user,robbie,mullen,josephw@yahoo.ca,arsenal
288,user,benita,neal,carroll@msn.com,444444
289,user,stacey,solomon,lbaxter@me.com,brandon
290,user,terrie,berger,kevinm@outlook.com,daniel1
291,user,rosalyn,decker,malattia@sbcglobal.net,jonathan
292,user,leslie,hays,mcsporran@verizon.net,killer1
293,user,kay,stark,privcan@live.com,liverpool1
294,user,dena,hutchinson,rtanter@yahoo.ca,mickey
295,user,candy,white,aardo@comcast.net,ghbdtn
296,user,josie,hernandez,hstiles@hotmail.com,purple1
297,user,eloise,york,unreal@live.com,mercedes
298,user,elise,hester,stewwy@yahoo.com,patrick
299,user,sophia,downs,mschwartz@optonline.net,11223344
300,user,clarice,copeland,crypt@gmail.com,diamond
301,user,deidre,gonzales,blixem@verizon.net,456789
302,user,jana,tyler,stinson@icloud.com,victoria
303,user,maureen,little,sakusha@msn.com,asshole
304,user,janette,graham,mfleming@comcast.net,taylor
305,user,paula,holt,carreras@gmail.com,qwertyu
306,user,shannon,landry,zilla@live.com,andrew1
307,user,rosa,jordan,stern@live.com,red123
308,user,courtney,morse,cparis@verizon.net,lucky1
309,user,catalina,leblanc,delpino@live.com,eminem
310,user,bette,davis,falcao@hotmail.com,12345qwert
311,user,rhoda,jennings,carroll@comcast.net,111222tianya
312,user,jeanne,mcfarland,lamky@yahoo.ca,yellow
313,user,essie,house,heidrich@aol.com,william1
314,user,nancy,norman,suresh@mac.com,bailey
315,user,stacie,bauer,fraterk@msn.com,angel
316,user,robyn,prince,hwestiii@live.com,chicken1
317,user,jo,reid,knorr@icloud.com,richard
318,user,shana,gillespie,privcan@optonline.net,0
319,user,mandy,love,nicktrig@gmail.com,banana
320,user,kaitlin,bradley,tfinniga@att.net,0
321,user,debbie,britt,dawnsong@comcast.net,jasmine1
322,user,stephanie,sutton,boser@msn.com,benjamin
323,user,carmella,ball,jonas@optonline.net,welcome1
324,user,susanne,walton,blixem@live.com,starwars
325,user,jeri,cain,avalon@live.com,hunter1
326,user,callie,rodgers,sisyphus@verizon.net,cheese
327,user,melody,key,penna@gmail.com,melissa
328,user,nita,may,notaprguy@optonline.net,angela
329,user,anna,fox,msroth@icloud.com,christian
330,user,josefa,morton,gerlo@msn.com,1234554321
331,user,olive,dunlap,froodian@live.com,oliver
332,user,elsie,woodward,kdawson@msn.com,chocolate1
333,user,gretchen,campbell,yxing@verizon.net,butterfly1
334,user,jasmine,sexton,rfoley@sbcglobal.net,peanut
335,user,lorraine,glenn,portscan@mac.com,55555
336,user,serena,stanley,grinder@msn.com,hockey
337,user,beverly,gray,ribet@sbcglobal.net,mylove
338,user,amber,howell,smcnabb@icloud.com,natasha
339,user,cora,mcdaniel,frode@icloud.com,NULL
340,user,kelly,hickman,marin@aol.com,mommy1
341,user,rose,hansen,crobles@me.com,1234561
342,user,irma,medina,aardo@optonline.net,q1w2e3r4t5
343,user,kathleen,maddox,breegster@me.com,america
344,user,elinor,monroe,dkasak@verizon.net,252525
345,user,polly,michael,juerd@msn.com,monster
346,user,elsa,castaneda,jbuchana@mac.com,school
347,user,regina,cummings,mcnihil@aol.com,456123
348,user,jaclyn,vega,jrkorson@comcast.net,james1
349,user,mollie,herring,gemmell@att.net,slipknot
350,user,lorna,osborne,eminence@outlook.com,hannah1
351,user,tammie,joyner,ahuillet@aol.com,zaq12wsx
352,user,katrina,casey,nimaclea@verizon.net,chicken
353,user,luella,melendez,erynf@me.com,147852369
354,user,leticia,gibson,benits@me.com,gabriel
355,user,norma,boyd,doche@sbcglobal.net,elizabeth
356,user,maricela,manning,srour@outlook.com,cookie1
357,user,kristen,watts,ismail@verizon.net,Status
358,user,genevieve,dickson,hoangle@live.com,87654321
359,user,dianne,burgess,dsugal@yahoo.com,robert1
360,user,wilma,bowen,meinkej@optonline.net,ferrari
361,user,allie,washington,brbarret@att.net,nathan
362,user,odessa,riley,fviegas@comcast.net,1password
363,user,mattie,bird,bancboy@comcast.net,buddy1
364,user,tonia,steele,hling@icloud.com,1314520
365,user,angie,morrison,gator@yahoo.ca,america1
366,user,corrine,weiss,hager@me.com,metallica
367,user,lois,atkinson,pthomsen@me.com,chelsea1
368,user,karin,evans,comdig@verizon.net,zzzzzz
369,user,bridget,rutledge,dinther@yahoo.ca,prince
370,user,lee,walls,trieuvan@yahoo.com,adidas
371,user,bessie,ingram,vganesh@aol.com,jackson
372,user,christi,obrien,lahvak@hotmail.com,morgan
373,user,sheri,shaffer,speeves@gmail.com,rainbow
374,user,elisabeth,dunn,uncle@mac.com,silver
375,user,lynette,ramos,lishoy@att.net,1234567a
376,user,aurora,carney,philen@hotmail.com,angels
377,user,luz,rodriquez,eminence@verizon.net,iw14Fi9j
378,user,natalia,crosby,jgmyers@yahoo.ca,loveme1
379,user,winnie,mason,hling@att.net,juventus
380,user,nadine,lawson,north@sbcglobal.net,jennifer1
381,user,fannie,dennis,uraeus@yahoo.ca,!~!1
382,user,hilda,kinney,lamky@yahoo.com,bubbles
383,user,janine,phillips,guialbu@optonline.net,samuel
384,user,leola,shepherd,russotto@live.com,fuckoff
385,user,lolita,wilder,sthomas@aol.com,lovers
386,user,corinne,matthews,jfriedl@hotmail.com,cheese1
387,user,loretta,burnett,goldberg@mac.com,123456
388,user,victoria,snyder,engelen@me.com,123asd
389,user,marisa,moreno,dieman@me.com,999999999
390,user,edith,chambers,mrobshaw@msn.com,madison
391,user,virginia,lester,lukka@yahoo.com,elizabeth1
392,user,jamie,rocha,wkrebs@aol.com,music
393,user,maggie,duffy,pdbaby@msn.com,buster1
394,user,carolina,price,leviathan@comcast.net,lauren
395,user,alicia,keller,parrt@outlook.com,david1
396,user,maxine,mooney,shazow@msn.com,tigger1
397,user,jennie,lawrence,gemmell@mac.com,123qweasd
398,user,tonya,mills,carmena@sbcglobal.net,taylor1
399,user,latoya,malone,rafasgj@live.com,carlos
400,user,lessie,douglas,mfburgo@sbcglobal.net,tinkerbell
401,user,laura,walker,gavollink@optonline.net,samantha1
402,user,graciela,cooper,tellis@comcast.net,Sojdlg123aljg
403,user,gilda,kaufman,kewley@mac.com,joshua1
404,user,lela,summers,kannan@yahoo.com,poop
405,user,shelly,hatfield,hampton@verizon.net,stella
406,user,rosella,rivas,aschmitz@aol.com,myspace123
407,user,ina,english,bachmann@msn.com,asdasd5
408,user,savannah,roberson,yruan@verizon.net,freedom1
409,user,charity,greene,gavollink@verizon.net,whatever1
410,user,ramona,richmond,gslondon@aol.com,xxxxxx
411,user,suzette,haynes,godeke@mac.com,0
412,user,jody,lowe,tubesteak@gmail.com,valentina
413,user,cherry,lambert,cmdrgravy@att.net,a1b2c3
414,user,aurelia,hebert,lydia@live.com,741852963
415,user,reba,kelley,plover@icloud.com,austin
416,user,audrey,best,mbrown@mac.com,monica
417,user,tiffany,armstrong,stevelim@hotmail.com,qaz123
418,user,tanya,garcia,wonderkid@msn.com,lovely1
419,user,amparo,mcgowan,alfred@outlook.com,music1
420,user,natasha,baxter,fhirsch@icloud.com,harley1
421,user,rosanne,hammond,russotto@comcast.net,family1
422,user,kristy,morris,iapetus@yahoo.ca,spongebob1
423,user,thelma,hoffman,bockelboy@mac.com,steven
424,user,edna,perry,ianbuck@sbcglobal.net,nirvana
425,user,mindy,maynard,chaikin@sbcglobal.net,1234abcd
426,user,jimmie,hayden,gslondon@verizon.net,hellokitty
427,user,adrienne,wallace,tamas@outlook.com,thomas1
428,user,brandy,ware,lipeng@comcast.net,7654321
429,user,kirsten,richards,lahvak@me.com,madison1
430,user,janis,adkins,stakasa@icloud.com,daddy1
431,user,evelyn,whitney,cmdrgravy@me.com,summer1
432,user,chasity,jenkins,ganter@sbcglobal.net,cocacola
433,user,lynnette,nunez,jfinke@att.net,nicholas
434,user,johnnie,rivers,nasor@me.com,zxc123
435,user,lila,larsen,naoya@outlook.com,123456m
436,user,monique,mckay,dmath@outlook.com,qwertyui
437,user,tamra,sullivan,kayvonf@live.com,spiderman
438,user,patty,king,ducasse@optonline.net,vanessa
439,user,sylvia,doyle,amaranth@aol.com,diamond1
440,user,concepcion,fleming,dmouse@sbcglobal.net,142536
441,user,patrica,vasquez,keijser@yahoo.com,danielle
442,user,carmela,fletcher,brainless@live.com,badoo
443,user,gracie,bender,caidaperl@sbcglobal.net,7758521
444,user,joyce,justice,scato@mac.com,bandit
445,user,marcella,whitfield,neuffer@optonline.net,pokemon1
446,user,sabrina,waters,jesse@me.com,mustang1
447,user,dee,vang,qmacro@live.com,1qaz2wsx3edc
448,user,diann,odom,stellaau@verizon.net,alexis
449,user,geraldine,schroeder,mwandel@verizon.net,loulou
450,user,marguerite,snow,khris@gmail.com,justinbieb
451,user,sonja,newman,mjewell@hotmail.com,yamaha
452,user,madge,chandler,hellfire@hotmail.com,qwert1
453,user,brigitte,quinn,mxiao@mac.com,scooter
454,user,lucille,compton,uraeus@gmail.com,rachel
455,user,alyce,pate,monkeydo@sbcglobal.net,tennis
456,user,cecile,hamilton,bruck@sbcglobal.net,ronaldo
457,user,cornelia,byrd,denism@msn.com,i
458,user,althea,phelps,helger@hotmail.com,mexico1
459,user,tisha,bryan,twoflower@live.com,friends1
460,user,beulah,baldwin,dmiller@optonline.net,victor
461,user,jeannine,duke,sacraver@me.com,maggie1
462,user,madeline,hyde,alias@icloud.com,asdfasdf
463,user,rachelle,walters,gtewari@yahoo.com,qwerty12345
464,user,ginger,stuart,nweaver@hotmail.com,lover1
465,user,karina,mccullough,grinder@verizon.net,jesus
466,user,pauline,hess,fukuchi@verizon.net,123hfjdk147
467,user,lori,bryant,dbanarse@verizon.net,nicolas
468,user,sybil,ortega,uncle@gmail.com,batman1
469,user,katie,velazquez,stewwy@msn.com,weed420
470,user,katherine,butler,hikoza@yahoo.com,password123
471,user,jean,gibbs,farber@mac.com,loser1
472,user,candace,farrell,choset@verizon.net,123456j
473,user,bobbi,freeman,retoh@outlook.com,iloveyou!
474,user,candice,delgado,tbeck@yahoo.com,pepper1
475,user,greta,clements,zavadsky@att.net,fuckoff1
476,user,dawn,woods,isotopian@mac.com,555666
477,user,chandra,nieves,oneiros@yahoo.ca,iloveu2
478,user,rosie,sherman,mnemonic@icloud.com,sabrina
479,user,bobbie,lott,mschilli@hotmail.com,pussy1
480,user,joann,sosa,mcnihil@sbcglobal.net,bubbles1
481,user,ericka,williams,nelson@yahoo.com,98765
482,user,beatrice,sharp,jfriedl@hotmail.com,master1
483,user,mabel,rose,jesse@verizon.net,smokey
484,user,leah,hardin,sfoskett@att.net,a1b2c3d4
485,user,connie,dixon,fmtbebuck@optonline.net,123456789q
486,user,sara,ballard,nanop@mac.com,qwaszx
487,user,joanna,wilkerson,gfody@verizon.net,heather
488,user,saundra,baird,pontipak@aol.com,jasper
489,user,caitlin,bright,dobey@optonline.net,booboo
490,user,antonia,glover,stellaau@outlook.com,heather1
491,user,fern,heath,jeffcovey@sbcglobal.net,4815162342
492,user,vickie,richardson,lauronen@verizon.net,peanut1
493,user,loraine,leon,murdocj@yahoo.com,chester
494,user,alyson,patton,kingjoshi@msn.com,123456s
495,user,nelda,henderson,padme@icloud.com,123456b
496,user,beverley,french,jramio@sbcglobal.net,google
497,user,julia,lopez,mmccool@mac.com,edward
498,user,mitzi,patel,aaribaud@aol.com,yankees1
499,user,selena,moody,chrwin@outlook.com,canada
500,user,eunice,orr,jacks@hotmail.com,Exigent
501,user,teri,donovan,staffelb@verizon.net,destiny
502,user,belinda,stafford,djupedal@hotmail.com,success
503,user,kim,andrews,grothoff@me.com,nigger1
504,user,maurice,grimes,sburke@icloud.com,135790
505,user,marcelo,briggs,amichalo@icloud.com,asdfghjkl1
506,user,foster,wong,csilvers@gmail.com,124578
507,user,eric,dawson,lahvak@outlook.com,casper
508,user,courtney,vinson,dmath@mac.com,lalala
509,user,jody,paul,arathi@aol.com,mother1
510,user,gary,byers,tokuhirom@aol.com,sexy123
511,user,thaddeus,holden,matthijs@gmail.com,qazxsw
512,user,jarrod,nelson,fraser@comcast.net,naruto1
513,user,blake,martinez,oechslin@yahoo.ca,1q2w3e4r5t6y
514,user,marcus,lamb,citadel@att.net,david
515,user,casey,moss,skippy@outlook.com,money
516,user,abdul,glass,lipeng@yahoo.com,yellow1
517,user,john,conrad,retoh@aol.com,patrick1
518,user,lemuel,blair,dialworld@gmail.com,flower1
519,user,faustino,hahn,quinn@att.net,12121212
520,user,luther,franklin,liedra@mac.com,alexander1
521,user,timmy,higgins,aegreene@icloud.com,raiders1
522,user,les,hensley,dialworld@outlook.com,Password1
523,user,monroe,lloyd,ournews@optonline.net,sebastian
524,user,jesus,black,jpflip@optonline.net,134679
525,user,billie,craft,dleconte@mac.com,zxcvbnm1
526,user,solomon,cooley,onestab@gmail.com,dennis
527,user,harley,bell,paulv@msn.com,852456
528,user,wilburn,barry,gastown@yahoo.com,hahaha
529,user,dana,frazier,bjornk@gmail.com,daniela
530,user,jaime,hawkins,burns@sbcglobal.net,ginger1
531,user,herschel,marks,arachne@yahoo.com,olivia
532,user,oliver,thomas,bebing@att.net,melissa1
533,user,mac,knox,ryanshaw@hotmail.com,10101
534,user,randy,banks,boomzilla@yahoo.ca,slipknot1
535,user,armand,potter,privcan@att.net,spiderman1
536,user,cliff,stein,msherr@aol.com,cowboys1
537,user,nathaniel,oneal,tromey@live.com,0
538,user,shirley,irwin,mwitte@mac.com,rebecca
539,user,clifton,chase,ehood@me.com,741852
540,user,hal,clarke,drezet@gmail.com,jeremy
541,user,dan,roberts,pereinar@msn.com,a1234567
542,user,mason,robertson,ntegrity@att.net,dakota
543,user,cary,beard,dowdy@sbcglobal.net,123456d
544,user,lowell,reyes,torgox@yahoo.com,1a2b3c
545,user,stephen,chaney,pizza@mac.com,apple1
546,user,emmett,webster,mrdvt@verizon.net,november
547,user,mickey,bennett,rupak@yahoo.com,alexandra
548,user,branden,luna,jramio@att.net,159951
549,user,drew,barrett,carmena@icloud.com,iloveu1
550,user,willard,collier,geekgrl@hotmail.com,veronica
551,user,jerold,cabrera,kmiller@icloud.com,fuckme1
552,user,morton,west,sinkou@live.com,baby123
553,user,josef,berry,gward@msn.com,yankees
554,user,isiah,cote,willg@mac.com,stupid1
555,user,elijah,burt,bebing@yahoo.ca,cristina
556,user,lynn,murphy,geekoid@sbcglobal.net,newyork1
557,user,jake,le,kramulous@sbcglobal.net,jackson1
558,user,levi,harmon,malattia@msn.com,playboy
559,user,luke,fuentes,lstaf@yahoo.ca,friend
560,user,delmer,potts,jemarch@yahoo.ca,iloveyou12
561,user,melvin,schneider,esasaki@mac.com,sammy1
562,user,kenton,dotson,jdray@yahoo.com,pimpin1
563,user,augustine,gomez,claesjac@att.net,phoenix
564,user,lorenzo,cunningham,keijser@verizon.net,PolniyPizdec0211
565,user,vaughn,morales,boser@gmail.com,rocky1
566,user,donn,kemp,themer@att.net,password!
567,user,theron,mcdowell,benits@hotmail.com,joseph1
568,user,wilbur,mosley,lstaf@live.com,753951
569,user,grady,hayes,jsmith@icloud.com,p
570,user,dalton,mcconnell,research@sbcglobal.net,a838hfiD
571,user,jamaal,velasquez,bhtower@msn.com,richard1
572,user,zachariah,leach,mcrawfor@aol.com,beautiful1
573,user,aron,lara,teverett@msn.com,mickey1
574,user,joseph,stone,camenisch@comcast.net,carolina
575,user,andrea,thompson,padme@msn.com,j123456
576,user,tony,hooper,stefano@optonline.net,202020
577,user,rex,fulton,henkp@aol.com,newyork
578,user,jerrod,acevedo,jpflip@att.net,patricia
579,user,leonel,valentine,zavadsky@comcast.net,charles
580,user,mitch,beasley,demmel@me.com,stephanie
581,user,larry,mckenzie,agapow@icloud.com,orange1
582,user,rodger,pratt,esokullu@msn.com,m123456
583,user,roberto,carlson,twoflower@yahoo.com,421uiopy258
584,user,quentin,goodman,ninenine@icloud.com,myspace2
585,user,lance,holloway,tmccarth@yahoo.ca,cameron
586,user,rickie,weaver,dgriffith@hotmail.com,spider
587,user,bruce,gutierrez,hachi@gmail.com,barbie
588,user,hugh,garrison,matloff@sbcglobal.net,woaini
589,user,richie,watkins,metzzo@att.net,vincent
590,user,august,kelly,wildfire@yahoo.com,mexico
591,user,mervin,wilkins,jshirley@comcast.net,scorpion
592,user,pedro,alexander,gilmoure@live.com,monster1
593,user,andres,crane,skajan@sbcglobal.net,aaaaa
594,user,wallace,powers,retoh@outlook.com,elephant
595,user,zane,pickett,fluffy@aol.com,asdf123
596,user,erwin,cruz,warrior@live.com,963852741
597,user,millard,merritt,morain@att.net,zk.:
598,user,grover,griffith,rcwil@aol.com,guitar
599,user,harrison,gamble,noahb@hotmail.com,fucker1
600,user,alfonzo,olson,wilsonpm@mac.com,destiny1
601,user,murray,cannon,nelson@gmail.com,hotmail
602,user,javier,hardy,noahb@mac.com,johnny
603,user,dee,fields,gmcgath@gmail.com,doudou
604,user,adam,welch,adhere@yahoo.com,q123456
605,user,simon,rivera,seano@msn.com,bailey1
606,user,jim,rowe,blixem@gmail.com,asdfgh1
607,user,bernardo,weeks,zilla@yahoo.com,fucker
608,user,jonas,acosta,cisugrad@gmail.com,louise
609,user,stefan,hogan,paina@aol.com,sparky
610,user,arturo,gill,dbrobins@mac.com,sweety
611,user,tyler,pittman,mdielmann@outlook.com,123456abc
612,user,santos,wiggins,afifi@yahoo.ca,shorty1
613,user,kristopher,newton,codex@live.com,booboo1
614,user,edgar,bush,rkobes@mac.com,december
615,user,trevor,galloway,peterhoeg@hotmail.com,9876543210
616,user,efrain,gilliam,gtaylor@mac.com,manchester
617,user,joe,golden,grothoff@att.net,midnight
618,user,arron,vargas,punkis@verizon.net,246810
619,user,carlo,wilson,unreal@gmail.com,jessie
620,user,mauricio,puckett,inico@optonline.net,dallas
621,user,rigoberto,hodge,sakusha@verizon.net,austin1
622,user,emery,foster,jespley@yahoo.ca,s123456
623,user,walker,petty,rohitm@sbcglobal.net,pass
624,user,randal,fischer,drewf@verizon.net,12345678a
625,user,edwin,keith,ournews@verizon.net,claudia
626,user,barney,fitzgerald,arnold@yahoo.com,usausa
627,user,chi,camacho,scarlet@optonline.net,kristina
628,user,rupert,wood,pajas@sbcglobal.net,lakers
629,user,hank,riggs,chrwin@verizon.net,lovelove
630,user,owen,stewart,natepuri@yahoo.com,crazy1
631,user,lyle,salazar,jelmer@me.com,tiger1
632,user,lazaro,daniels,nullchar@me.com,thunder
633,user,pierre,mueller,feamster@gmail.com,dolphin
634,user,max,stout,thrymm@me.com,a
635,user,vernon,torres,rcwil@yahoo.com,gangsta1
636,user,jason,gates,schumer@hotmail.com,jackie
637,user,freeman,blackwell,gozer@outlook.com,151515
638,user,maria,hendrix,biglou@sbcglobal.net,charlotte
639,user,lincoln,wiley,policies@mac.com,scooter1
640,user,wilford,knapp,parkes@gmail.com,caroline
641,user,jack,moon,salesgeek@yahoo.ca,fuck
642,user,brandon,reynolds,karasik@msn.com,merlin
643,user,andy,ray,mwandel@outlook.com,junior1
644,user,bill,bray,wetter@yahoo.com,super123
645,user,josue,pugh,mwitte@icloud.com,scooby
646,user,preston,conway,jgoerzen@att.net,marseille
647,user,felipe,singleton,chinthaka@yahoo.com,aaaa
648,user,andre,foreman,carreras@comcast.net,metallica1
649,user,rod,hughes,froodian@yahoo.ca,kitty1
650,user,rodrick,durham,mcmillan@verizon.net,chris
651,user,emanuel,bradshaw,ijackson@me.com,beautiful
652,user,gregg,erickson,ianbuck@yahoo.com,black1
653,user,domingo,lowery,matsn@yahoo.com,danielle1
654,user,brady,stevenson,stecoop@me.com,blessed1
655,user,gil,chavez,hyper@msn.com,skater1
656,user,sean,brooks,jbearp@outlook.com,1029384756
657,user,steven,colon,ryanshaw@icloud.com,qazwsx123
658,user,russel,horton,dieman@msn.com,456456
659,user,irving,arnold,mgemmons@outlook.com,b123456
660,user,chester,pearson,jdhildeb@verizon.net,genius
661,user,kerry,jimenez,elmer@yahoo.com,guitar1
662,user,sylvester,contreras,mavilar@optonline.net,tyler1
663,user,salvatore,lynch,gmcgath@outlook.com,peaches
664,user,milton,avila,harryh@yahoo.ca,california
665,user,norberto,kirk,goresky@mac.com,sakura
666,user,rubin,simmons,seebs@live.com,tigers
667,user,donald,short,webteam@optonline.net,soleil
668,user,lindsey,berg,podmaster@icloud.com,lauren1
669,user,riley,bates,dwsauder@comcast.net,green1
670,user,doug,chang,aukjan@hotmail.com,smokey1
671,user,frances,ochoa,roamer@verizon.net,cooper
672,user,micheal,delacruz,sbmrjbr@outlook.com,520520
673,user,dustin,jefferson,dvdotnet@outlook.com,muffin
674,user,greg,olsen,shang@verizon.net,christian1
675,user,ricardo,bartlett,mcast@live.com,love13
676,user,franklin,porter,penna@yahoo.ca,fucku2
677,user,alfredo,underwood,slaff@comcast.net,arsenal1
678,user,antwan,gilbert,mrsam@live.com,lucky7
679,user,clint,patrick,evilopie@att.net,diablo
680,user,karl,lane,rfoley@outlook.com,apples
681,user,henry,fisher,jmmuller@gmail.com,george1
682,user,pat,russo,alias@hotmail.com,babyboy1
683,user,beau,boone,marioph@msn.com,crystal
684,user,stanley,wolfe,mugwump@outlook.com,1122334455
685,user,santiago,marshall,gerlo@yahoo.ca,player1
686,user,cruz,lindsey,jfreedma@live.com,aa123456
687,user,aldo,wise,esbeck@hotmail.com,vfhbyf
688,user,efren,taylor,noticias@me.com,forever1
689,user,ira,clayton,telbij@comcast.net,Password
690,user,son,miranda,milton@yahoo.ca,winston
691,user,herman,rojas,zyghom@hotmail.com,chivas1
692,user,edward,good,cliffordj@icloud.com,sexy
693,user,hiram,hinton,mleary@gmail.com,hockey1
694,user,tracey,perez,choset@att.net,1a2b3c4d
695,user,emil,mcclure,crobles@comcast.net,pussy
696,user,reed,fernandez,bmidd@att.net,playboy1
697,user,omar,cherry,phish@verizon.net,stalker
698,user,dannie,sargent,world@me.com,cherry
699,user,terry,nichols,gbacon@verizon.net,tweety
700,user,brenton,preston,damian@me.com,toyota
701,user,damon,abbott,tbeck@me.com,creative
702,user,shelton,suarez,goresky@me.com,gemini
703,user,german,santiago,bcevc@msn.com,pretty1
704,user,kelvin,cook,leocharre@optonline.net,fuckyou1
705,user,roderick,parsons,froodian@aol.com,maverick
706,user,rico,howard,daveed@msn.com,brittany1
707,user,elvis,gregory,pemungkah@aol.com,nathan1
708,user,seth,johns,bonmots@sbcglobal.net,letmein1
709,user,pete,caldwell,phish@msn.com,cameron1
710,user,genaro,booth,quinn@mac.com,secret1
711,user,coleman,wyatt,vganesh@comcast.net,google1
712,user,bart,kidd,miami@msn.com,heaven
713,user,mathew,humphrey,tsuruta@me.com,martina
714,user,reynaldo,young,joglo@verizon.net,murphy
715,user,ed,valdez,rande@yahoo.com,spongebob
716,user,james,brady,benanov@outlook.com,uQA9Ebw445
717,user,earl,finley,mkearl@att.net,fernando
718,user,malcolm,huff,heroine@sbcglobal.net,pretty
719,user,gale,cortez,joehall@mac.com,startfinding
720,user,gerard,roman,hllam@yahoo.ca,softball
721,user,damion,reed,sartak@yahoo.com,dolphin1
722,user,josh,james,lipeng@msn.com,fuckme
723,user,ulysses,gilmore,skippy@mac.com,test123
724,user,jeffery,franks,mthurn@hotmail.com,qwerty1234
725,user,jeremy,whitley,north@mac.com,kobe24
726,user,lavern,curtis,mcsporran@hotmail.com,alejandro
727,user,vito,palmer,milton@comcast.net,adrian
728,user,ray,sweeney,garyjb@live.com,september
729,user,mack,talley,ubergeeb@yahoo.com,aaaaaa1
730,user,tristan,miles,laird@comcast.net,bubba1
731,user,vincent,holmes,kuparine@me.com,isabella
732,user,martin,kline,kimvette@hotmail.com,abc123456
733,user,trent,anderson,grothoff@verizon.net,password3
734,user,freddie,noble,squirrel@yahoo.com,jason1
735,user,sam,graves,fraser@live.com,abcdefg123
736,user,stevie,savage,kmiller@comcast.net,loveyou1
737,user,percy,roy,seemant@aol.com,shannon
738,user,pasquale,rush,gavinls@outlook.com,100200
739,user,alvin,albert,violinhi@me.com,manuel
740,user,maxwell,hunt,tokuhirom@aol.com,leonardo
741,user,ollie,bowers,ranasta@outlook.com,molly1
742,user,laurence,haney,sbmrjbr@yahoo.ca,flowers
743,user,benjamin,england,intlprog@outlook.com,123456z
744,user,royce,burch,devphil@me.com,7007
745,user,adolph,carter,syrinx@sbcglobal.net,password.
746,user,anton,goff,dunstan@yahoo.ca,321321
747,user,justin,dickerson,carreras@outlook.com,miguel
748,user,odell,raymond,jaesenj@live.com,samsung1
749,user,dexter,livingston,dogdude@me.com,sergey
750,user,olen,stokes,dgatwood@comcast.net,sweet1
751,user,milo,dean,ilikered@yahoo.ca,abc1234
752,user,sergio,terry,haddawy@comcast.net,windows
753,user,booker,madden,geekoid@sbcglobal.net,qwert123
754,user,thurman,becker,mhassel@comcast.net,vfrcbv
755,user,abe,flores,fraterk@att.net,poohbear
756,user,vern,gross,kildjean@comcast.net,d123456
757,user,aubrey,hanson,boomzilla@mac.com,school1
758,user,keith,branch,arathi@gmail.com,badboy
759,user,norris,mayo,keijser@att.net,951753
760,user,ellis,meyers,heidrich@aol.com,123456c
761,user,gregorio,combs,raides@gmail.com,111
762,user,randall,cantu,rsteiner@mac.com,steven1
763,user,tim,serrano,fraterk@hotmail.com,snoopy1
764,user,peter,fowler,gavinls@yahoo.com,garfield
765,user,ervin,franco,staffelb@att.net,YAgjecc826
766,user,fredric,morin,earmstro@comcast.net,compaq
767,user,logan,sykes,gemmell@optonline.net,candy1
768,user,ty,cross,rmcfarla@yahoo.ca,sarah1
769,user,alvaro,cotton,webdragon@yahoo.com,qwerty123456
770,user,connie,meadows,brbarret@yahoo.ca,123456l
771,user,donnie,pitts,caronni@aol.com,eminem1
772,user,allen,lancaster,marin@me.com,141414
773,user,chance,woodard,dpitts@mac.com,789789
774,user,herbert,daniel,kassiesa@hotmail.com,maria
775,user,otis,brock,monopole@comcast.net,steelers
776,user,young,wynn,laird@gmail.com,iloveme1
777,user,jacques,dodson,nachbaur@aol.com,morgan1
778,user,alonzo,buckley,howler@sbcglobal.net,winner
779,user,deon,ortiz,jtorkbob@msn.com,boomer
780,user,lonnie,tucker,jbryan@outlook.com,lolita
781,user,billy,winters,nimaclea@gmail.com,nastya
782,user,thad,santos,panolex@sbcglobal.net,alexis1
783,user,marty,blankenship,kramulous@me.com,carmen
784,user,ramiro,pace,sbmrjbr@me.com,angelo
785,user,travis,rowland,novanet@optonline.net,nicholas1
786,user,joan,stephenson,brainless@sbcglobal.net,portugal
787,user,clifford,cochran,podmaster@gmail.com,precious
788,user,arthur,brennan,granboul@mac.com,jackass1
789,user,jackie,ferrell,jacks@live.com,jonathan1
790,user,odis,page,iamcal@outlook.com,yfnfif
791,user,ramon,buckner,gslondon@outlook.com,bitch
792,user,raymond,allison,formis@yahoo.com,tiffany
793,user,jimmie,horn,csilvers@verizon.net,rabbit
794,user,ronald,chapman,jmmuller@comcast.net,rainbow1
795,user,teddy,scott,bartak@yahoo.com,angel123
796,user,quinton,rosario,rjones@optonline.net,popcorn
797,user,emerson,flowers,rsmartin@msn.com,barbara
798,user,jame,johnston,inico@live.com,brandy
799,user,brice,ramsey,scitext@live.com,fuckyou!
800,user,newton,hicks,heine@gmail.com,starwars1
801,user,stan,johnson,errxn@optonline.net,barney
802,user,dominick,buck,zwood@hotmail.com,natalia
803,user,arnulfo,alford,martink@gmail.com,hiphop
804,user,raymundo,sampson,mwitte@live.com,tiffany1
805,user,tory,jarvis,burns@att.net,shorty
806,user,fredrick,beach,sonnen@aol.com,poohbear1
807,user,margarito,ellison,errxn@verizon.net,simone
808,user,norbert,bruce,uncled@outlook.com,albert
809,user,gail,maxwell,mglee@gmail.com,marlboro
810,user,doyle,barber,satch@gmail.com,hardcore
811,user,elliot,figueroa,shazow@gmail.com,cowboys
812,user,reid,kramer,kobayasi@mac.com,sydney
813,user,williams,zimmerman,hyper@live.com,alex
814,user,bryce,francis,aprakash@outlook.com,scorpio
815,user,scot,eaton,mhanoh@att.net,1234512345
816,user,fred,barnes,dkrishna@outlook.com,q12345
817,user,troy,finch,empathy@hotmail.com,qq123456
818,user,hung,hodges,jbarta@verizon.net,onelove
819,user,aurelio,flynn,ahuillet@gmail.com,bond007
820,user,orval,garrett,murty@hotmail.com,abcdefg1
821,user,robbie,cooke,khris@aol.com,eagles
822,user,cornelius,rogers,joglo@msn.com,crystal1
823,user,gerardo,estes,pappp@mac.com,azertyuiop
824,user,zachery,sharpe,carreras@me.com,winter
825,user,horacio,wade,tokuhirom@att.net,sexy12
826,user,mitchel,kane,jbarta@verizon.net,angelina
827,user,carter,pacheco,cliffordj@verizon.net,james
828,user,christoper,henson,pspoole@aol.com,svetlana
829,user,jesse,holder,daveed@comcast.net,fatima
830,user,ryan,david,multiplx@mac.com,123456k
831,user,loren,dillard,mhouston@msn.com,icecream
832,user,lawrence,wolf,tmccarth@live.com,popcorn1
833,user,carroll,mayer,jonathan@yahoo.ca,121314
834,user,frankie,burton,unreal@msn.com,john316
835,user,rosario,estrada,vmalik@yahoo.com,qazwsx1
836,user,houston,garner,jfriedl@mac.com,victoria1
837,user,adrian,soto,harryh@verizon.net,twilight
838,user,johnie,forbes,solomon@yahoo.com,iloveme
839,user,rusty,levine,khris@me.com,9379992
840,user,rickey,swanson,crusader@hotmail.com,pass123
841,user,kris,jacobs,hwestiii@icloud.com,dancer
842,user,galen,nash,jcholewa@hotmail.com,brittany
843,user,donovan,greer,forsberg@gmail.com,beauty
844,user,carmine,chen,tbmaddux@mac.com,bonjour
845,user,lamar,valenzuela,wbarker@outlook.com,maxwell
846,user,elton,ramirez,intlprog@gmail.com,coffee
847,user,adan,dominguez,mccurley@outlook.com,dexter
848,user,miles,strong,fbriere@comcast.net,454545
849,user,junior,austin,mailarc@msn.com,qazqaz
850,user,sidney,ferguson,erynf@hotmail.com,snickers
851,user,jared,witt,calin@sbcglobal.net,love11
852,user,reginald,jensen,gerlo@verizon.net,samson
853,user,chadwick,mcneil,mwitte@aol.com,aaaaaaaa
854,user,dominic,pollard,dowdy@verizon.net,swordfish
855,user,eli,mccarty,webinc@att.net,fyfcnfcbz
856,user,winston,ward,wkrebs@msn.com,abcd123
857,user,timothy,goodwin,ajohnson@me.com,aaa111
858,user,tanner,elliott,mastinfo@mac.com,natalie
859,user,sterling,guy,dkrishna@mac.com,hottie
860,user,heriberto,workman,ducasse@outlook.com,passion
861,user,stacy,rice,webinc@msn.com,alyssa
862,user,william,schultz,pdbaby@me.com,rockstar1
863,user,devon,conner,duchamp@gmail.com,lovers1
864,user,desmond,hart,avalon@live.com,florida
865,user,denny,wilcox,ccohen@comcast.net,alicia
866,user,albert,whitehead,gator@aol.com,happy
867,user,ariel,ford,pfitza@mac.com,blue123
868,user,hunter,petersen,matty@yahoo.ca,123456t
869,user,wyatt,hood,carroll@live.com,ranger
870,user,kent,mccall,nelson@verizon.net,yourmom1
871,user,rolando,hall,murty@msn.com,pumpkin
872,user,wm,howe,warrior@optonline.net,denise
873,user,gerald,gentry,gbacon@yahoo.ca,edward1
874,user,ernie,bean,timlinux@mac.com,tweety1
875,user,kendrick,silva,engelen@me.com,christine
876,user,neil,brown,hampton@att.net,august
877,user,bradley,hampton,sjava@live.com,54321
878,user,cameron,cameron,kassiesa@att.net,bella1
879,user,wendell,holman,pgottsch@gmail.com,marie1
880,user,kelly,robles,itstatus@me.com,seven7
881,user,milford,oliver,satch@yahoo.ca,steelers1
882,user,todd,perkins,chance@icloud.com,aaaaa1
883,user,jermaine,calhoun,rfoley@live.com,shannon1
884,user,eloy,shelton,jdhedden@hotmail.com,amber1
885,user,rafael,strickland,chaki@yahoo.ca,cutie1
886,user,michel,cox,campware@comcast.net,peaches1
887,user,hugo,tanner,rande@hotmail.com,florida1
888,user,tod,sears,dwheeler@yahoo.com,bonnie
889,user,frank,head,kmiller@yahoo.ca,stephanie1
890,user,rodney,green,dsugal@mac.com,lollipop
891,user,luis,barton,jonadab@gmail.com,cassie
892,user,hector,larson,barlow@me.com,k.
893,user,ernest,klein,jugalator@att.net,rachel1
894,user,guadalupe,blackburn,sagal@att.net,greenday1
895,user,shaun,bailey,choset@outlook.com,krishna
896,user,jamie,lang,pajas@optonline.net,teresa
897,user,diego,schmidt,tlinden@hotmail.com,october
898,user,andrew,davidson,amimojo@verizon.net,iverson3
899,user,jessie,maldonado,kenja@verizon.net,motorola
900,user,harlan,mcgee,jaarnial@icloud.com,rockstar
901,user,refugio,stanton,jgoerzen@verizon.net,hahaha1
902,user,miguel,mcmahon,nasarius@live.com,police
903,user,jeffrey,valencia,joehall@me.com,lakers24
904,user,berry,beck,sbmrjbr@mac.com,fylhtq
905,user,willis,mclaughlin,portscan@aol.com,andrey
906,user,darwin,avery,zyghom@comcast.net,loveme2
907,user,christopher,foley,linuxhack@sbcglobal.net,turtle
908,user,rolland,rodriguez,chunzi@sbcglobal.net,southside1
909,user,otto,pope,jsbach@sbcglobal.net,baby
910,user,christian,oneill,jfinke@mac.com,bismillah
911,user,cory,mcintosh,kohlis@me.com,pa55word
912,user,isaiah,rollins,jshirley@hotmail.com,blessed
913,user,julian,trujillo,campware@icloud.com,emmanuel
914,user,fritz,saunders,caronni@att.net,666999
915,user,ahmad,williamson,leakin@yahoo.ca,12345
916,user,myles,clark,aprakash@yahoo.com,fluffy
917,user,paul,warner,sjmuir@aol.com,5555555555
918,user,vance,grant,avalon@yahoo.ca,stupid
919,user,angelo,bolton,kjohnson@outlook.com,karina
920,user,kirk,hendricks,dbrobins@att.net,fishing
921,user,carey,dale,hampton@verizon.net,musica
922,user,danny,myers,jugalator@yahoo.ca,password11
923,user,perry,molina,fmtbebuck@sbcglobal.net,love4ever
924,user,brett,munoz,bigmauler@sbcglobal.net,melanie
925,user,burl,collins,danneng@live.com,greenday
926,user,jonathan,russell,empathy@yahoo.ca,isabelle
927,user,dillon,morrow,wildfire@att.net,nothing
928,user,tom,peters,josephw@live.com,abcd
929,user,johnny,parrish,jdhildeb@sbcglobal.net,chicago
930,user,marcel,mckee,alastair@yahoo.ca,cowboy
931,user,bobbie,pierce,hoyer@hotmail.com,mnbvcxz
932,user,elwood,padilla,madler@hotmail.com,andrea1
933,user,octavio,mathis,solomon@sbcglobal.net,242424
934,user,tommy,henry,grady@gmail.com,babygurl1
935,user,antonio,mendoza,spadkins@yahoo.ca,santiago
936,user,chang,hines,mdielmann@att.net,ssssss
937,user,wesley,watson,carcus@msn.com,kevin1
938,user,rocco,garza,isaacson@att.net,lakers1
939,user,louis,boyle,jkegl@sbcglobal.net,chester1
940,user,erich,mccray,rfoley@icloud.com,321654
941,user,mitchell,burns,harpes@verizon.net,kimberly
942,user,joaquin,burke,leocharre@me.com,carlos1
943,user,sandy,tate,ismail@outlook.com,z123456
944,user,louie,macias,henkp@gmail.com,daisy1
945,user,roosevelt,frost,lishoy@live.com,jackass
946,user,alton,jones,cgarcia@sbcglobal.net,m
947,user,lucien,dalton,offthelip@yahoo.ca,5555555
948,user,benito,murray,sisyphus@outlook.com,zoosk
949,user,chad,buchanan,ewaters@comcast.net,boston
950,user,eliseo,thornton,mcast@icloud.com,happy123
951,user,will,fry,juerd@sbcglobal.net,55555555
952,user,lane,giles,wagnerch@optonline.net,satan666
953,user,bernard,dorsey,phizntrg@hotmail.com,111111a
954,user,wilmer,christian,jbearp@icloud.com,pamela
955,user,brendan,lindsay,seurat@sbcglobal.net,90909
956,user,darnell,barrera,jshirley@me.com,francesco
957,user,basil,faulkner,ajohnson@aol.com,horses
958,user,wilfred,peterson,wildixon@outlook.com,456852
959,user,josiah,vazquez,sharon@optonline.net,qwer
960,user,anthony,tran,juerd@msn.com,vanessa1
961,user,juan,harper,jhardin@yahoo.com,redsox
962,user,ronnie,nixon,alastair@msn.com,pookie
963,user,tyson,coffey,pajas@outlook.com,a12345678
964,user,weldon,kirkland,danneng@yahoo.com,110110
965,user,oscar,salas,pplinux@live.com,tucker
966,user,delmar,mcguire,skythe@outlook.com,marley
967,user,gerry,blevins,crimsane@optonline.net,corvette
968,user,sung,brewer,wagnerch@msn.com,778899
969,user,rich,farmer,bjornk@outlook.com,realmadrid
970,user,irwin,owens,ryanshaw@live.com,raiders
971,user,wilfredo,dejesus,lushe@sbcglobal.net,rangers
972,user,duane,hewitt,mgemmons@msn.com,people
973,user,davis,kent,gward@mac.com,1123581321
974,user,brock,alston,sassen@optonline.net,soccer12
975,user,orville,osborn,kingjoshi@gmail.com,sayang
976,user,gabriel,crawford,bradl@yahoo.ca,shelby
977,user,clinton,wheeler,qmacro@me.com,christ
978,user,jordan,roach,afifi@icloud.com,12345t
979,user,carmelo,william,sokol@icloud.com,fktrcfylh
980,user,everette,wooten,tamas@mac.com,kitten
981,user,dorian,guthrie,dhwon@optonline.net,player
982,user,alexander,benton,andrei@hotmail.com,c123456
983,user,cecil,joyce,aaribaud@att.net,qwert12345
984,user,enrique,sandoval,cisugrad@msn.com,baby12
985,user,alex,mercado,pjacklam@me.com,trinity
986,user,wilton,craig,catalog@comcast.net,1v7Upjw3nT
987,user,dwayne,villarreal,portscan@outlook.com,p@ssw0rd
988,user,weston,vaughn,tbusch@yahoo.ca,thunder1
989,user,trinidad,ross,gator@me.com,zxcvbnm123
990,user,sydney,logan,bader@comcast.net,midnight1
991,user,garland,mccarthy,pdbaby@icloud.com,lebron23
992,user,deandre,harrison,bflong@yahoo.com,golden
993,user,elias,parks,jwarren@mac.com,strawberry
994,user,gilbert,fitzpatrick,amimojo@me.com,orlando
995,user,bud,patterson,ateniese@mac.com,love1234
996,user,guillermo,travis,liedra@sbcglobal.net,lucky13
997,user,russell,nielsen,russotto@hotmail.com,asdfg1
998,user,robt,hurley,nachbaur@sbcglobal.net,marine
999,user,charlie,wilkinson,andale@icloud.com,soccer10
1000,user,bradford,anthony,adamk@outlook.com,zebra
1001,user,darius,mathews,gtaylor@aol.com,123456
